{
    "test_loss": 0.28049758076667786,
    "test_accuracy": 0.8974359035491943,
    "test_precision": 0.950276255607605,
    "test_recall": 0.8820512890815735,
    "test_auc": 0.9529421329498291
}