{
    "model": "MobileNetV2",
    "test_metrics": {
        "accuracy": 0.9102563858032227,
        "precision": 0.9217171669006348,
        "recall": 0.9358974099159241,
        "auc": 0.9658557772636414,
        "loss": 0.22994528710842133
    },
    "prediction_stats": {
        "min": 0.0002352905721636489,
        "max": 0.9999997615814209,
        "mean": 0.6184892654418945,
        "std": 0.40410712361335754
    },
    "confusion_matrix": {
        "TN": 203,
        "FP": 31,
        "FN": 25,
        "TP": 365
    },
    "roc_auc": 0.9659544159544159,
    "optimal_threshold": 0.5007591247558594,
    "config": {
        "img_size": [
            224,
            224
        ],
        "batch_size": 32,
        "epochs": 25,
        "initial_lr": 0.001
    }
}